color,label,y,x,id,size
#418,客户关联关系,112.5014926,-28.26646044,客户关联关系,7.636753237
#F1A,客户基本信息,-130.521589,-352.3142609,客户基本信息,17.17090563
#525,按分行统计外币贷款余额,-119.5502351,-326.2932438,按分行统计外币贷款余额,1.8
#3D3,按客户统计外币贷款余额,-217.4087279,122.0186384,按客户统计外币贷款余额,4.024922359
#D4E,保证信息,1.574935108,-14.09465671,保证信息,6.235382907
#295,本金本息拖欠日终表,145.1266711,203.2721019,本金本息拖欠日终表,6.734983296
#D72,本息回收信息,-378.6946268,-357.0983951,本息回收信息,13.22724461
#F6E,次新信用评级明细,449.5308058,171.8825604,次新信用评级明细,3.6
#5EB,大额客户不良情况信息,206.780034,450.5379879,大额客户不良情况信息,7.421590126
#957,大额客户关联零售违约情况,-321.8865556,361.7660672,大额客户关联零售违约情况,6.734983296
#CC6,大额客户限制类行业贷款情况,-222.4917978,-238.1613896,大额客户限制类行业贷款情况,6.734983296
#AE4,大额客户预警,440.7327208,379.4697949,大额客户预警,7.636753237
#CE5,贷款发放信息,-66.70667233,267.4927352,贷款发放信息,14.95192295
#D77,贷款号信息,243.9257194,472.7774843,贷款号信息,10.34021276
#1E2,贷款回收计划调整,205.3193379,149.5173058,贷款回收计划调整,3.117691454
#4AE,贷款开立还款计划,-102.7901105,415.9896569,贷款开立还款计划,5.692099788
#3A4,贷款开立信息,199.1414238,455.9425676,贷款开立信息,14.73363499
#B92,贷款末笔发放,385.0765847,-305.7500036,贷款末笔发放,1.8
#DD9,贷款项提前还款信息,287.5903821,277.653979,贷款项提前还款信息,3.6
#855,贷款资产质量不良,490.8964265,470.2102554,贷款资产质量不良,7.846018098
#F1E,贷款资产质量分类信息,-229.2871773,-447.453409,贷款资产质量分类信息,7.846018098
#ED1,贷款资产质量情况,127.4253152,131.1052819,贷款资产质量情况,5.969924623
#1CC,贷款资产质量信息,-462.3278392,84.40130709,贷款资产质量信息,7.421590126
#51D,贷款子类型,-69.5822663,126.1600961,贷款子类型,3.117691454
#DD8,担保合同,-224.02531,14.14291458,担保合同,9.353074361
#FD6,担保合同编号,-121.2216314,-426.1025864,担保合同编号,1.8
#DA5,担保合同与担保物关联关系,-327.524256,-9.234640143,担保合同与担保物关联关系,4.76235236
#4BF,担保品,-367.6063682,-79.37364154,担保品,3.117691454
#DC5,担保人信息,-158.839415,165.3268788,担保人信息,3.6
#172,担保相关信息,-358.6921967,-108.484385,担保相关信息,4.76235236
#793,等级有效日期,283.3051107,270.5021207,等级有效日期,2.545584412
#7E1,抵质押品充足性计算,-38.92595231,-247.7757244,抵质押品充足性计算,5.4
#ED7,抵质押品抵质押率信息,191.3127383,194.2760508,抵质押品抵质押率信息,5.969924623
#424,抵质押品抵质押率信息表,-108.0256468,-198.9435846,抵质押品抵质押率信息表,4.76235236
#1AC,抵质押品信息,63.84881477,-221.0669796,抵质押品信息,13.1041978
#CEB,抵质押情况统计信息,460.6937326,397.0085493,抵质押情况统计信息,2.545584412
#815,对应的实际信用等级,-157.1098525,399.6524075,对应的实际信用等级,2.545584412
#DC3,发放计划信息,345.1405756,-226.3344371,发放计划信息,5.969924623
#5B5,发放台账表,35.05549986,32.28560874,发放台账表,9.353074361
#BC2,非最新信用等级的客户,-254.4210443,189.8270613,非最新信用等级的客户,4.76235236
#C66,分类时点,-331.3253974,327.2444334,分类时点,2.545584412
#7B2,分类项目与贷款关联关系,298.933178,36.23355883,分类项目与贷款关联关系,3.6
#1EF,规划项目基本信息,314.7922458,-318.1858927,规划项目基本信息,13.58970198
#9AA,合同信息,207.9605858,431.0791472,合同信息,16.09968944
#AD6,核心客户号,118.9742232,-106.3585205,核心客户号,1.8
#137,回收计划信息,-492.7405277,79.07139556,回收计划信息,8.049844719
#D47,汇总部门分类,-181.8358411,-254.837484,汇总部门分类,1.8
#8B8,季末贷款资产质量情况,322.9078271,56.72601881,季末贷款资产质量情况,1.8
#512,较新认定日期,370.2995446,331.6971234,较新认定日期,1.8
#149,借款合同与担保合同关联关系,-131.305593,-127.6256263,借款合同与担保合同关联关系,7.636753237
#7EE,开行行业,481.2079901,-115.3497847,开行行业,2.545584412
#8D1,客户编号,235.719452,68.43542848,客户编号,1.8
#77E,客户贷款余额汇总,347.0249763,327.0554595,客户贷款余额汇总,1.8
#3CB,客户关联关系明细,39.90446206,13.48511719,客户关联关系明细,5.692099788
#9E9,客户全称,291.6704424,-11.06056504,客户全称,1.8
#53A,内外币贷款,234.1588468,-474.0676078,内外币贷款,4.024922359
#52E,企业垫款信息明细,-143.4657141,-233.6669828,企业垫款信息明细,6.734983296
#211,企业对外担保信息明细,217.5034746,-61.57806422,企业对外担保信息明细,6.489992296
#B62,企业负债变化历史,-469.7141712,292.0533844,企业负债变化历史,5.091168825
#19B,企业关联关系库,-294.876657,11.91802103,企业关联关系库,5.969924623
#CCB,企业行政处罚信息,-283.1739804,93.98125511,企业行政处罚信息,6.235382907
#8F7,企业民事判决记录,138.4814047,-394.7820197,企业民事判决记录,7.2
#2E6,企业欠息明细信息,41.41359635,-15.72146891,企业欠息明细信息,5.692099788
#322,企业未结清资产处置、欠息、垫款汇总,195.4859747,-187.2808025,企业未结清资产处置、欠息、垫款汇总,5.969924623
#BDC,企业信贷业务信息明细,-253.34544,224.3553606,企业信贷业务信息明细,9.52470472
#587,企业资产处置明细信息,-299.1360347,-28.76173517,企业资产处置明细信息,6.489992296
#E87,授信基本信息,-474.0063145,-126.9503905,授信基本信息,12.20819397
#51B,提前还款信息,-499.3110732,-186.7122238,提前还款信息,12.20819397
#CB6,外币未核销贷款,271.3531976,473.86015,外币未核销贷款,1.8
#E71,未核销贷款,109.284629,-285.3496858,未核销贷款,1.8
#F14,项目所在地,63.55494959,442.1435084,项目所在地,6.734983296
#E71,协议信息,169.740572,370.9152679,协议信息,10.94897255
#F34,信贷相关信息,318.796386,-316.9048651,信贷相关信息,10.49571341
#71F,信用等级代码,125.1906112,-229.3112783,信用等级代码,3.6
#41A,信用等级排序,-23.01311891,-208.1131472,信用等级排序,2.545584412
#6AA,信用等级下降的客户,-437.0433898,-24.32790419,信用等级下降的客户,5.692099788
#267,信用评级任务,245.1171889,223.7143935,信用评级任务,4.76235236
#F2A,质量分类结果相关信息,-298.0536824,154.7942434,质量分类结果相关信息,16.09968944
#7E9,质量分类相关信息,40.39849074,-216.5100869,质量分类相关信息,5.091168825
#65F,中文全称,13.38736688,55.76646543,中文全称,1.8
#1B8,资产质量分类项目分类信息,-416.8250204,-389.495585,资产质量分类项目分类信息,4.024922359
#9C6,资产质量类别,23.86442922,-246.6173041,资产质量类别,1.8
#C54,资金支付,-129.0326927,-195.312183,资金支付,14.73363499
#944,字典名称,63.00169438,103.9475144,字典名称,1.8
#688,总行认定结果,111.5119732,140.2747169,总行认定结果,1.8
#677,最新信用等级的客户,-124.3168128,-477.9300136,最新信用等级的客户,4.409081537
#EFB,最新信用评级,-0.415505496,206.0765951,最新信用评级,5.4
#B2E,总行认定类别描述,-67.73034232,-38.25094447,总行认定类别描述,1.8
#AD7,备注,97.49293438,157.7883129,备注,1.8
#57E,创建人,-492.5325447,-463.0531469,创建人,1.8
#15F,创建时间,482.1649971,255.3557609,创建时间,1.8
#781,更新人,0.626087077,-342.5528844,更新人,1.8
#6BF,更新时间,-354.4390211,-319.9430738,更新时间,1.8
#A71,关联关系描述,410.9942285,-241.3334983,关联关系描述,1.8
#C71,关联客户号,-174.7321321,-336.9996062,关联客户号,1.8
#235,关联客户类型,-333.7782418,478.0538159,关联客户类型,1.8
#57F,关联客户序号,484.5861117,267.8531883,关联客户序号,1.8
#CC8,关系编号,-404.5550089,50.96975304,关系编号,1.8
#9CC,关系类型,171.8653255,382.6573214,关系类型,1.8
#1D1,记录状态,196.8973787,-203.1261004,记录状态,1.8
#81F,截止日期,17.18256911,66.01152546,截止日期,1.8
#A4A,起始日期,-264.6831335,-318.3352179,起始日期,1.8
#23E,数据来源,-4.76167726,477.0677756,数据来源,1.8
#88B,成立时间,-23.34425353,215.5406103,成立时间,1.8
#9DE,创建机构,17.72948923,65.12515213,创建机构,1.8
#9B5,打印语言,99.33451693,-102.3487581,打印语言,1.8
#3D7,地址模式,53.11729395,-90.11611563,地址模式,1.8
#F29,法人代表,-88.28486042,247.2467886,法人代表,1.8
#8AE,法人证件号码,391.3760308,216.2088412,法人证件号码,1.8
#5C5,法人证件种类,486.9129223,179.5665107,法人证件种类,1.8
#7E1,废止人,39.37132679,-163.0717717,废止人,1.8
#FCC,废止日期,262.2391159,-80.93984065,废止日期,1.8
#124,废止原因,99.1654208,85.07259671,废止原因,1.8
#C7A,分配标志,-473.0448452,-158.1950111,分配标志,1.8
#E11,更新机构,-467.7341885,-368.739693,更新机构,1.8
#B98,更新日期,-373.9036771,-417.5226477,更新日期,1.8
#F6C,关联客户标志,55.42040233,147.2484156,关联客户标志,1.8
#631,行业补充分类,451.233172,215.1506753,行业补充分类,1.8
#1EB,核心交易状态,-242.4320458,183.4986643,核心交易状态,1.8
#1CC,核心客户种类,168.531439,380.1835782,核心客户种类,1.8
#9C2,核心状态,131.2148767,-191.5823434,核心状态,1.8
#FA4,集团客户标志,-160.0960913,-210.8815739,集团客户标志,1.8
#99E,金融机构类型,-266.5551663,-334.2247508,金融机构类型,1.8
#FF4,进出口权标志,106.9126076,58.99372684,进出口权标志,1.8
#6EB,经济性质,380.4511807,-108.6522031,经济性质,1.8
#589,境内外标志,324.369831,326.6164893,境内外标志,1.8
#13A,开行行业代码,317.2251016,-441.8835612,开行行业代码,1.8
#B21,开行特色行业,-41.42324766,445.823885,开行特色行业,1.8
#BFA,开户机构,106.5294206,135.2921643,开户机构,1.8
#498,开户日期,0.142090177,363.7241849,开户日期,1.8
#2FD,客户等级分类,-174.0832801,-4.857003025,客户等级分类,1.8
#BA2,客户分类,106.8941147,-66.16631156,客户分类,1.8
#FC4,客户简称,-204.2231241,-486.887904,客户简称,1.8
#F65,客户阶段,-369.9914162,-299.3474151,客户阶段,1.8
#169,客户经理A,143.323512,315.4164057,客户经理A,1.8
#141,客户经理B,279.537493,9.671347025,客户经理B,1.8
#48B,客户类别,475.4047157,93.8421362,客户类别,1.8
#B95,客户明细类别,309.4065511,291.5869968,客户明细类别,1.8
#328,客户年度优先等级,46.74387022,-217.1167177,客户年度优先等级,1.8
#51E,客户首合同日期,-263.0287442,209.8853794,客户首合同日期,1.8
#1E9,客户信息源,-463.7416543,-493.7442701,客户信息源,1.8
#192,客户信用等级,-309.3391134,-308.5257485,客户信用等级,1.8
#F85,客户状态,-332.6235219,397.5682147,客户状态,1.8
#ACC,客我工作关系,77.89563345,-40.25501403,客我工作关系,1.8
#D99,客我供求关系,-265.7432041,435.8256986,客我供求关系,1.8
#99B,老行业代码,327.6938922,-392.6732015,老行业代码,1.8
#337,老金融机构代码,109.0361715,345.6276134,老金融机构代码,1.8
#974,临时编号,351.4856923,65.2376415,临时编号,1.8
#232,企业规模,329.4633343,63.95496614,企业规模,1.8
#86A,企业级别,103.6676471,84.41479932,企业级别,1.8
#BB9,清户时间,-328.5118238,274.3598593,清户时间,1.8
#246,是否金融机构,-369.3236903,354.0170283,是否金融机构,1.8
#544,是否临时客户,-220.7832033,-1.391372279,是否临时客户,1.8
#38F,是否纳税,-114.0529614,-107.5063929,是否纳税,1.8
#695,是否内部客户,-354.9985869,497.066948,是否内部客户,1.8
#B4F,是否清户,-495.8129375,477.7677176,是否清户,1.8
#FF9,是否上市企业,193.1099603,9.299780985,是否上市企业,1.8
#F97,是否中小企业,148.7279678,-328.1923546,是否中小企业,1.8
#848,是否重大客户,425.5883014,366.4753231,是否重大客户,1.8
#24B,数据同步状态,415.332444,472.0445665,数据同步状态,1.8
#84C,所属分行,-334.506127,339.8300511,所属分行,1.8
#D35,所属行业,-286.5412445,422.9107946,所属行业,1.8
#B3C,所属机构,484.5966633,-346.1770597,所属机构,1.8
#816,所属区域,109.7376373,-167.9105782,所属区域,1.8
#A1B,所在地区,-401.1839599,249.8059053,所在地区,1.8
#3A3,所在国家,-365.7145853,336.5709717,所在国家,1.8
#793,投融资平台类型,368.7731012,-419.0015797,投融资平台类型,1.8
#8B8,业务模块授权情况,99.36278466,-221.2845027,业务模块授权情况,1.8
#FF3,英文简称,188.1767467,-218.1963001,英文简称,1.8
#E16,英文全称,-269.8415302,-251.8285396,英文全称,1.8
#7FD,优先等级认定时间,419.6259871,-185.9759524,优先等级认定时间,1.8
#AA5,重大客户认定时间,377.0321568,366.3791144,重大客户认定时间,1.8
#51A,主客户标志,446.5976123,419.4615983,主客户标志,1.8
#E86,总资产,-427.594912,159.9833436,总资产,1.8
#7DC,总资产币种,-404.6403,222.3537267,总资产币种,1.8
#3FC,组织机构代码,-76.6370247,-138.8889145,组织机构代码,1.8
#43C,组织机构类型,55.54934105,-246.5660641,组织机构类型,1.8
#317,分行贷款余额,198.1121131,224.3237638,分行贷款余额,1.8
#BF2,分行号,263.6522538,418.5455218,分行号,1.8
#E7C,客户名称,285.2021178,-209.3189607,客户名称,1.8
#13C,保证类型,475.7804812,254.7476477,保证类型,1.8
#B1A,保证人名称,-442.4710019,255.51463,保证人名称,1.8
#61E,保证人状态,-439.9559792,21.80726099,保证人状态,1.8
#341,担保限额,-275.2626833,257.505759,担保限额,1.8
#1B2,分类状态,-132.5420781,59.76050262,分类状态,1.8
#48A,国金局信贷局管理,-242.855942,332.03704,国金局信贷局管理,1.8
#7C4,监管状态,-149.0539612,-413.5301811,监管状态,1.8
#ECD,修改人,176.527027,-306.5276443,修改人,1.8
#44E,修改时间,-110.7995546,-414.9638704,修改时间,1.8
#661,币种,-306.8970457,-446.5472142,币种,1.8
#26E,贷款类型,-363.3618245,-320.0917515,贷款类型,1.8
#1CF,贷款余额,130.3196293,-433.9888715,贷款余额,1.8
#874,核心发放号,-168.2589174,-219.7610393,核心发放号,1.8
#196,回收类型代码,-381.7704763,-69.9307034,回收类型代码,1.8
#ACF,回收类型名称,-306.2434685,67.94489005,回收类型名称,1.8
#47C,借贷关系,11.55542027,-47.82986776,借贷关系,1.8
#ED5,是否核销,195.9963873,112.9616157,是否核销,1.8
#4DE,拖欠ID,-34.27046787,208.7708169,拖欠ID,1.8
#D9E,拖欠状态,455.122667,461.9415602,拖欠状态,1.8
#936,应收日期,451.0443725,387.3591743,应收日期,1.8
#96E,本金还款币别,-394.8254112,369.8087612,本金还款币别,1.8
#562,本金还款金额,-252.2626243,402.2796211,本金还款金额,1.8
#5AE,本金扣款科目,-457.2029381,-330.9757031,本金扣款科目,1.8
#265,本金扣款余额,-141.6951855,-465.2090598,本金扣款余额,1.8
#3BD,本金扣款帐户,78.81124655,343.3944896,本金扣款帐户,1.8
#B84,本金账户类型,-328.4258741,-351.978632,本金账户类型,1.8
#C2A,本息回收id,-110.5144959,-142.3515653,本息回收id,1.8
#A3D,本息回收编号,-131.3758702,-140.5956042,本息回收编号,1.8
#D1A,处理环节代码,-162.959214,-254.5937761,处理环节代码,1.8
#D5A,处理状态代码,-84.07729895,-30.23179316,处理状态代码,1.8
#869,创建日期,-347.715052,96.84856242,创建日期,1.8
#18F,贷款种类,-375.5716655,-436.3902619,贷款种类,1.8
#11B,费用,464.6655707,464.7622962,费用,1.8
#EEC,付款用途,-452.5259807,-477.5120322,付款用途,1.8
#D23,国外银行业务编号,475.8307417,-375.0092088,国外银行业务编号,1.8
#F48,还款日期,-463.7490046,494.0653182,还款日期,1.8
#9B3,还款原因代码,-273.7862434,-277.9894279,还款原因代码,1.8
#2DC,合同编号,-279.4382729,-16.18727134,合同编号,1.8
#CAE,回收类型,-318.9333134,444.2243366,回收类型,1.8
#428,汇款附言,-168.3863531,295.92798,汇款附言,1.8
#7F2,计划还款金额,-54.21728942,-331.1488657,计划还款金额,1.8
#6BB,借款人id,-120.0988179,-427.8463748,借款人id,1.8
#54F,经办机构,-308.6572121,-77.79897379,经办机构,1.8
#FDB,经办人编号,79.37345828,-30.36713454,经办人编号,1.8
#AD5,境外帐户,272.8585453,44.65921475,境外帐户,1.8
#DD9,利息还款币别,363.2068676,58.94149991,利息还款币别,1.8
#C11,利息还款金额,286.8903182,-215.5139115,利息还款金额,1.8
#B46,利息扣款科目,398.4650899,133.7165601,利息扣款科目,1.8
#5BA,利息扣款余额,73.47152459,-12.42983391,利息扣款余额,1.8
#935,利息扣款帐号,284.8327549,212.5477513,利息扣款帐号,1.8
#2EE,利息账户类型,-476.3719481,-141.1527306,利息账户类型,1.8
#6B4,起息日,-307.0177334,158.7298931,起息日,1.8
#42B,申请类型代码,159.7434571,121.1410359,申请类型代码,1.8
#F1F,申请日期,109.6282312,91.80867681,申请日期,1.8
#8C8,申请状态代码,-428.7991624,332.5240489,申请状态代码,1.8
#D69,审批结论代码,474.3745079,396.3562858,审批结论代码,1.8
#55E,审批日期,-372.312967,-370.782948,审批日期,1.8
#B23,是否贷款结清,0.773781559,-340.3840629,是否贷款结清,1.8
#BE3,收益人,150.4143518,-489.5868095,收益人,1.8
#91F,收益人ACNO,-301.8707066,4.235847848,收益人ACNO,1.8
#DC7,收益人开户行,-138.5250826,-286.0584024,收益人开户行,1.8
#9E8,收益人开户行ACNO,-26.23290981,416.5819023,收益人开户行ACNO,1.8
#18A,送审说明,132.4687794,-415.8010942,送审说明,1.8
#F51,我行业务编号,-32.09607686,-185.0902905,我行业务编号,1.8
#6BE,业务类型,-19.86268741,-72.79813255,业务类型,1.8
#86A,业务类型代码,-259.5871759,-270.2402033,业务类型代码,1.8
#931,中间行,78.10592076,-412.8319167,中间行,1.8
#ACA,不良贷款率,-290.432068,-301.0851253,不良贷款率,1.8
#D59,不良贷款余额,-303.5537653,-261.891306,不良贷款余额,1.8
#D1C,次级类贷款余额,-446.2179702,-392.3724495,次级类贷款余额,1.8
#98C,关注类贷款余额,-416.6846798,-422.1067009,关注类贷款余额,1.8
#579,机构号,415.4395177,-307.119946,机构号,1.8
#159,机构名称,-482.6520399,457.2460327,机构名称,1.8
#B6B,可疑类贷款余额,-199.7969924,336.1823859,可疑类贷款余额,1.8
#87C,客户注册地址,-316.2320903,-278.2817225,客户注册地址,1.8
#9CF,客户组织机构代码,-68.66495327,-328.4979855,客户组织机构代码,1.8
#5E1,授信额度,-176.6144275,-193.7173277,授信额度,1.8
#43F,数据批次,379.143332,328.3578494,数据批次,1.8
#813,损失类贷款余额,-442.2600389,-9.162816787,损失类贷款余额,1.8
#D9B,所属行政区划代码,-190.7663534,280.3133315,所属行政区划代码,1.8
#2B5,所属行政区划代码名称,-430.2061939,-444.4424774,所属行政区划代码名称,1.8
#971,正常类贷款余额,451.4957389,399.2769629,正常类贷款余额,1.8
#877,关联违约人名称,242.7708569,-345.6314569,关联违约人名称,1.8
#6B8,关联违约人证件代码,-462.3630688,-79.93667526,关联违约人证件代码,1.8
#856,关联违约人证件类型,401.6061951,368.7369924,关联违约人证件类型,1.8
#F13,违约类型,98.41224417,87.7592018,违约类型,1.8
#8C7,违约天数,-164.1038702,-121.0081174,违约天数,1.8
#273,与本企业关系类型,124.755914,50.6364567,与本企业关系类型,1.8
#A32,限制类行业不良贷款余额,-477.4526266,51.6757636,限制类行业不良贷款余额,1.8
#57F,限制类行业贷款不良率,-385.9008982,64.0804258,限制类行业贷款不良率,1.8
#552,限制类行业贷款率,-456.7989762,-466.7353644,限制类行业贷款率,1.8
#354,限制类行业贷款余额,395.8959318,396.2649672,限制类行业贷款余额,1.8
#B21,不良贷款,368.1681538,277.9668851,不良贷款,1.8
#FD6,次级类贷款,-363.3098227,161.2031484,次级类贷款,1.8
#ADC,贷款金额,379.0895605,261.2112228,贷款金额,1.8
#89E,地区,-73.09522272,69.61496896,地区,1.8
#C4F,地区名称,425.6429172,398.5069182,地区名称,1.8
#8F9,风险类型,89.31176532,194.7561484,风险类型,1.8
#CDE,关注类贷款,-78.83939451,-124.6083277,关注类贷款,1.8
#96B,可疑类贷款,-142.5285381,-447.309218,可疑类贷款,1.8
#1F9,客户地址,-281.867158,-423.5530923,客户地址,1.8
#6B3,批次,-243.4740907,-488.2288993,批次,1.8
#B68,损失类贷款,-104.9682264,-218.1023095,损失类贷款,1.8
#7F4,正常类贷款,-28.65512038,-58.38542637,正常类贷款,1.8
#C57,保费,189.6002973,199.7301217,保费,1.8
#44B,报表统计标识,-295.0489938,19.80087011,报表统计标识,1.8
#DFA,币别,-430.9902543,242.3137458,币别,1.8
#94F,代理行标示,-253.0392967,-61.59684443,代理行标示,1.8
#C93,贷款发放编号,71.55350427,-312.9188762,贷款发放编号,1.8
#C82,担保种类,50.57643927,-113.8409824,担保种类,1.8
#886,当地费用,400.524327,447.5188446,当地费用,1.8
#7B9,对外贷款协议签订及修改日期,-22.66273688,438.3838491,对外贷款协议签订及修改日期,1.8
#3D8,对外借款协议金额,63.55770988,-495.7342415,对外借款协议金额,1.8
#564,发放到期日期,122.8887096,-306.7326606,发放到期日期,1.8
#953,发放金额,155.4891818,-26.84450491,发放金额,1.8
#1BE,发放日期,357.405132,29.54814838,发放日期,1.8
#D2E,发放账户,426.8270982,-486.0459439,发放账户,1.8
#333,发票号,419.6106392,-476.378301,发票号,1.8
#AB4,发送核心标志,-57.72942756,-488.4685972,发送核心标志,1.8
#C7E,行外合同编号,118.9718476,-12.07850058,行外合同编号,1.8
#554,核算产品子类,-433.2146281,338.5860413,核算产品子类,1.8
#D6D,汇率,-233.5913529,352.5535795,汇率,1.8
#D3B,交易来源,-309.7073222,221.2555067,交易来源,1.8
#ACD,境外贷款银行,-355.9669824,-229.0230932,境外贷款银行,1.8
#913,开户行全称,146.5264482,-105.167492,开户行全称,1.8
#BC3,开户行账号,-320.5824466,-100.4739614,开户行账号,1.8
#DB8,买方名称,-138.3308169,159.8926012,买方名称,1.8
#97F,卖方名称,-306.1448241,-263.2210911,卖方名称,1.8
#BC8,批复日期,447.6499985,470.6795237,批复日期,1.8
#1C1,其他所需说明情况,113.0178727,-152.7627904,其他所需说明情况,1.8
#23B,商务合同号,115.5190185,-75.4144737,商务合同号,1.8
#8FA,商务合同签订日期,-63.52233604,-6.810213542,商务合同签订日期,1.8
#E66,收益人全称,461.4025035,122.3946067,收益人全称,1.8
#1CE,提款类别,-247.1426584,-451.0769181,提款类别,1.8
#7A7,提款协议签订日期,477.5124794,-499.4579805,提款协议签订日期,1.8
#8E5,提款组别,-19.0475484,-316.7620064,提款组别,1.8
#C7D,网银发放序号,-325.5208525,347.7831774,网银发放序号,1.8
#C7D,网银发起人,451.0486566,401.252138,网银发起人,1.8
#1FD,文件编号,-454.5754356,-475.978231,文件编号,1.8
#C28,已发放金额,-199.0966168,-427.3969844,已发放金额,1.8
#9F8,银团产品类型,8.581097326,7.244499657,银团产品类型,1.8
#951,银团发放类型,57.66452626,463.256699,银团发放类型,1.8
#DC4,原贷款发放id,-416.8660296,-299.2386,原贷款发放id,1.8
#BFB,原因代码,84.50655399,-247.2059953,原因代码,1.8
#883,账户类型,462.5326411,-121.1254181,账户类型,1.8
#DDD,支付比例,-122.3042539,-41.22600856,支付比例,1.8
#699,中间账户行名称,108.3062449,109.8362788,中间账户行名称,1.8
#CD2,中间账户行账号,186.7145231,-408.1376634,中间账户行账号,1.8
#774,主担保类型,16.9186306,485.8483828,主担保类型,1.8
#AC7,转存科目,98.73813016,-172.7757514,转存科目,1.8
#D7D,转贷费率,-191.5553433,-415.0536482,转贷费率,1.8
#2DF,成员行编号,310.4513206,-420.5336282,成员行编号,1.8
#33A,贷款号类型,-496.5449961,177.9624398,贷款号类型,1.8
#CBB,贷款状态,-210.2077594,-433.3905405,贷款状态,1.8
#811,到期日期,-142.1758874,-474.605091,到期日期,1.8
#B23,发放截止日期,-15.47972288,-345.7589639,发放截止日期,1.8
#992,核算产品类型,-258.0731137,-421.7738813,核算产品类型,1.8
#E65,汇率类型,304.0458047,116.6955537,汇率类型,1.8
#282,经办人员,483.6422271,-443.1626937,经办人员,1.8
#94F,期限,-365.9110728,-326.3985761,期限,1.8
#3BD,期限单位,-250.1791332,483.5379917,期限单位,1.8
#72A,是否本行,-424.476248,-402.1633621,是否本行,1.8
#3F2,是否循环使用,-467.1819447,404.949803,是否循环使用,1.8
#7E1,业务数据标识,443.4590779,418.0688188,业务数据标识,1.8
#23C,银团成员id,-394.1441105,280.5931979,银团成员id,1.8
#222,银团成员份额id,307.6792648,92.064126,银团成员份额id,1.8
#923,资产质量分类级别,-314.2946481,146.0661149,资产质量分类级别,1.8
#A57,资产质量分类日期,-147.6496691,42.35947479,资产质量分类日期,1.8
#B94,本次提前还款金额,-280.6965442,-461.5969375,本次提前还款金额,1.8
#3AA,回收计划调整id,-449.8760577,-403.197049,回收计划调整id,1.8
#A5D,提前还款币种,-273.7309933,475.5379771,提前还款币种,1.8
#763,还款金额,-9.65235416,384.0290521,还款金额,1.8
#689,合同还款计划id,462.4810314,-58.55613246,合同还款计划id,1.8
#841,回收计划删除标志,-0.969593886,-219.4513494,回收计划删除标志,1.8
#7E7,已还款金额,-147.3173448,-398.0483595,已还款金额,1.8
#DE2,标准贷款种类,414.8879719,-34.75641177,标准贷款种类,1.8
#DDE,处理状态,-190.1161877,-432.2474119,处理状态,1.8
#32F,贷款号,316.1039731,-488.1536794,贷款号,1.8
#7A1,贷款开立编号,-400.8689596,-329.1071739,贷款开立编号,1.8
#393,贷款人编号,-36.90357174,323.8427523,贷款人编号,1.8
#491,贷款用途代码,-184.2804084,-442.177935,贷款用途代码,1.8
#78A,贷款用途描述,-143.3524405,-357.9354162,贷款用途描述,1.8
#62D,等值业务类型,380.7840003,-108.7205287,等值业务类型,1.8
#319,发放,236.1418675,-260.8014684,发放,1.8
#87C,罚息的复利,-496.5973826,-442.0352227,罚息的复利,1.8
#75D,复利的复利,422.0556267,-6.906942049,复利的复利,1.8
#613,国际业务代码,464.9036697,264.3382091,国际业务代码,1.8
#124,还款计划变更方式,239.4921885,-273.6618092,还款计划变更方式,1.8
#431,合同号,-468.3363193,299.16444,合同号,1.8
#89C,汇率，默认为1,-382.7615589,289.3814724,汇率，默认为1,1.8
#217,汇率类型，01牌价汇率，02固定汇率,-283.096777,217.7667255,汇率类型，01牌价汇率，02固定汇率,1.8
#E7B,基准年天数,-168.3113641,-482.8242876,基准年天数,1.8
#E12,基准月天数,328.7219495,-137.2341629,基准月天数,1.8
#F66,结息周期,-321.8755592,468.2425057,结息周期,1.8
#EBD,结息周期单位,281.7666558,74.03468311,结息周期单位,1.8
#D29,经办用户,475.2000299,312.2159165,经办用户,1.8
#AD1,开立类型,-358.8592625,450.6083608,开立类型,1.8
#561,宽限期天数,-196.3305678,417.0903032,宽限期天数,1.8
#1A6,利率变动日,20.76464291,-214.2000693,利率变动日,1.8
#79D,利率变动周期,340.0678078,84.32024371,利率变动周期,1.8
#A9A,利率条款补充说明,483.032487,433.9958068,利率条款补充说明,1.8
#A31,利率调整方式,-289.9402553,464.3452795,利率调整方式,1.8
#D53,利息回收日,181.2936121,-48.1276174,利息回收日,1.8
#BBE,利息资本化结束日期,80.67963691,-115.714764,利息资本化结束日期,1.8
#F85,利息资本化起始日期,-403.5538701,-336.0919797,利息资本化起始日期,1.8
#CD9,审批结论,202.7104353,449.2061555,审批结论,1.8
#648,是否出口信贷,96.42415682,-454.2679891,是否出口信贷,1.8
#B46,是否等值币种,92.99228082,203.7687222,是否等值币种,1.8
#CA1,是否利息资本化,-67.31508764,-296.9477415,是否利息资本化,1.8
#B87,是否内部借款,-350.5431159,476.8407873,是否内部借款,1.8
#434,是否外汇业务Y是；N否,-280.0890015,-460.5882346,是否外汇业务Y是；N否,1.8
#599,投项,179.3629647,-135.3396947,投项,1.8
#ECC,外汇贷款性质,444.3125616,-29.42565003,外汇贷款性质,1.8
#4DC,系统内借款类型,14.88779635,-229.3933605,系统内借款类型,1.8
#198,下一利率变动日期,-247.7717923,266.0346249,下一利率变动日期,1.8
#ABD,下一利息回收日期,-222.022338,-487.803001,下一利息回收日期,1.8
#5B1,显示银团产品,-183.0298458,-374.995516,显示银团产品,1.8
#1CA,业务环节,-79.36680069,-173.1513104,业务环节,1.8
#52F,资产证券化开立标识,404.723613,249.622636,资产证券化开立标识,1.8
#3C4,最后发放日,232.2331384,65.35026019,最后发放日,1.8
#1F1,赔偿金额,244.7982292,-211.2960123,赔偿金额,1.8
#21B,提前还款金额,362.2790009,80.73200563,提前还款金额,1.8
#E45,贷款正常利息的成本利率基准,-69.94062155,-253.3064714,贷款正常利息的成本利率基准,1.8
#B9C,贷款正常利息的利率基准,-167.8993895,-337.6488844,贷款正常利息的利率基准,1.8
#217,贷款正常利息的利率基准的外加利差,428.1597675,172.7276974,贷款正常利息的利率基准的外加利差,1.8
#E7E,分行名称,-371.6723377,182.9831739,分行名称,1.8
#78A,合同金额元,-371.8233516,360.2460228,合同金额元,1.8
#733,合同生效日期,33.10607435,-247.451957,合同生效日期,1.8
#BFF,项目编号,-371.8379191,117.6023752,项目编号,1.8
#29C,项目名称,463.7268071,255.2781802,项目名称,1.8
#34C,总行认定级别,124.8723458,-81.42633338,总行认定级别,1.8
#AF1,总行认定级别描述,471.0935033,314.8315426,总行认定级别描述,1.8
#DCB,总行认定类别,-265.4303448,-340.2664264,总行认定类别,1.8
#411,分行分类级别,270.1300809,8.649298199,分行分类级别,1.8
#AD4,分行分类类别,-75.44654797,-288.9117391,分行分类类别,1.8
#FE5,分类项目ID,320.4958042,-219.4465737,分类项目ID,1.8
#CB3,总行分类级别,80.8122292,176.9401228,总行分类级别,1.8
#659,总行分类类别,-473.5504539,339.0560959,总行分类类别,1.8
#914,管理标志,-299.4974992,492.9849851,管理标志,1.8
#CA1,保证期间,-104.0028614,-338.2509194,保证期间,1.8
#46A,变更方式,27.93974,-453.9539327,变更方式,1.8
#19D,变更概述,-250.9883781,-426.4710767,变更概述,1.8
#E9D,变更事项,-104.7698437,-268.5138252,变更事项,1.8
#43D,担保方式,-137.6144612,-407.6950493,担保方式,1.8
#7EB,担保合同补充,-219.1658563,-441.9760376,担保合同补充,1.8
#B6B,担保合同签订,316.0505001,-280.3784541,担保合同签订,1.8
#B78,担保合同状态,-18.05970655,-321.3785327,担保合同状态,1.8
#6CE,担保权益比例类型,-41.1859722,381.0180077,担保权益比例类型,1.8
#BF9,合同变更日期,494.5464732,-65.33329681,合同变更日期,1.8
#AF9,合同到期日期,-208.7823211,-452.6191485,合同到期日期,1.8
#5E7,合同签订日期,268.4593752,228.4236457,合同签订日期,1.8
#53D,合同约定的登记条款,-341.7326066,-84.80264225,合同约定的登记条款,1.8
#ABE,合同终止备注,305.3097956,310.150746,合同终止备注,1.8
#BCD,合同终止类型,333.9968493,-447.7723182,合同终止类型,1.8
#784,合同终止日期,53.59300049,496.2789771,合同终止日期,1.8
#E5B,历史担保合同id,-115.8595846,-398.3955439,历史担保合同id,1.8
#92A,是否变更,67.38100904,492.7238856,是否变更,1.8
#C38,约定保险办理期限,125.5085878,144.7249994,约定保险办理期限,1.8
#948,约定登记办理期限,387.0068267,-209.1498178,约定登记办理期限,1.8
#497,担保合同号,-427.3912375,-482.032271,担保合同号,1.8
#EB2,担保合同与担保物关联id,-469.1789529,-141.3005677,担保合同与担保物关联id,1.8
#D43,担保客户id,-426.8176766,-70.77545564,担保客户id,1.8
#C2D,担保品类型,98.06394886,-261.5979644,担保品类型,1.8
#DCE,关联类型,-159.7796704,484.8004439,关联类型,1.8
#D3E,是否有效,-34.74592484,327.5316821,是否有效,1.8
#79E,担保品类别,423.4439908,449.0678229,担保品类别,1.8
#1F4,担保人代码,304.602066,64.34847972,担保人代码,1.8
#88F,保证比例,-477.1109084,123.8113923,保证比例,1.8
#4E9,保证金额,-180.5392309,9.95669466,保证金额,1.8
#989,担保方式描述,-335.2144625,-345.4231754,担保方式描述,1.8
#177,次新有效日期,-406.8006492,361.1444396,次新有效日期,1.8
#A2E,最新有效日期,123.0975258,-89.20665192,最新有效日期,1.8
#B4E,标准抵质押率,201.2628015,-3.158254695,标准抵质押率,1.8
#A86,存在状态类别,64.90572717,-209.2603141,存在状态类别,1.8
#B21,抵质押品编号,-346.6027582,-222.253161,抵质押品编号,1.8
#E47,抵质押品的充足性等级,159.3026556,-123.2332887,抵质押品的充足性等级,1.8
#35F,抵质押品名称,-45.67001311,408.3388964,抵质押品名称,1.8
#93D,抵质押品确认价值,25.35728125,-400.9531576,抵质押品确认价值,1.8
#9E3,抵质押物类型,-261.4539881,446.693593,抵质押物类型,1.8
#38C,抵质押状态,34.60161533,84.73505943,抵质押状态,1.8
#C9B,实际抵质押率,-281.04693,-95.06538649,实际抵质押率,1.8
#62A,抵质押品ID,-172.5825394,244.9203702,抵质押品ID,1.8
#B7A,抵质押品价值不足,-344.9009793,-137.4198999,抵质押品价值不足,1.8
#53A,抵质押率ID,469.1210417,-55.4283955,抵质押率ID,1.8
#B1D,补充说明,310.3179195,2.69918327,补充说明,1.8
#F4D,财会处审批,478.8097052,470.1777899,财会处审批,1.8
#8CD,创建人ID,-309.2528221,-338.8110934,创建人ID,1.8
#921,担保人ID,-486.5877965,315.4410199,担保人ID,1.8
#889,当前保管状态,-85.18455052,192.5282807,当前保管状态,1.8
#C51,登记管理要求,-406.6673663,-205.6361447,登记管理要求,1.8
#62B,登记状态,-276.6024027,321.1809715,登记状态,1.8
#E5F,抵质押_抵质押品ID,307.316892,77.81308857,抵质押_抵质押品ID,1.8
#5A3,抵质押品大类,453.1481581,-111.4326525,抵质押品大类,1.8
#DDC,抵质押品二级类别,-489.5697379,229.3276112,抵质押品二级类别,1.8
#4BA,抵质押品管理人,256.5849359,37.83088547,抵质押品管理人,1.8
#999,抵质押品监管流程状态,-474.5921853,91.93087875,抵质押品监管流程状态,1.8
#CFC,抵质押品信息来源,286.4802388,-335.3323477,抵质押品信息来源,1.8
#2B4,抵质押人,122.1452551,-204.8230397,抵质押人,1.8
#528,关键信息n,-249.9898815,449.5579091,关键信息n,1.8
#B3C,关键信息权利证明编号,-290.98996,-288.2989573,关键信息权利证明编号,1.8
#AAB,关键信息权利证明编号类型,-66.62797705,-321.658887,关键信息权利证明编号类型,1.8
#B9F,国家,351.8738577,247.2107296,国家,1.8
#61A,境内外,-297.2895807,3.356079912,境内外,1.8
#6C2,老数据导入维护状态字段,243.416215,-225.2344496,老数据导入维护状态字段,1.8
#33F,区（县）代码,-151.7813482,-305.449002,区（县）代码,1.8
#8BE,省直辖市自治区代码,-310.4834035,398.3808318,省直辖市自治区代码,1.8
#AFD,是否存在质押账户,-245.875106,-315.4223433,是否存在质押账户,1.8
#C62,是否登记,-87.8175943,-376.0867423,是否登记,1.8
#3E3,是否未来权限,-97.45707267,293.4865673,是否未来权限,1.8
#8B2,收费权质押文件编码,-417.721037,281.1100845,收费权质押文件编码,1.8
#5F8,所属地区省,149.0996839,-200.0847861,所属地区省,1.8
#F95,所属地区市,-208.8034807,-489.9061465,所属地区市,1.8
#24E,所属地区县,-187.5259414,201.9844051,所属地区县,1.8
#138,预登记,-477.2462498,-376.3316643,预登记,1.8
#4C8,帐户币种,-137.7048227,-355.0255796,帐户币种,1.8
#428,质押账户开户行,-209.563334,447.7020539,质押账户开户行,1.8
#62D,质押账户银行账号,493.7327096,416.875486,质押账户银行账号,1.8
#F28,次新信用等级值,-359.676171,-98.44628162,次新信用等级值,1.8
#9D2,最新信用等级值,253.8556834,498.6025863,最新信用等级值,1.8
#DE9,发布金额,311.7533896,89.41608325,发布金额,1.8
#629,发放计划id,-317.8313647,-201.0494099,发放计划id,1.8
#ED1,发放序号,49.21508194,-234.7541708,发放序号,1.8
#2D2,合同发放计划id,15.33906323,485.1575042,合同发放计划id,1.8
#DF6,计划发放日期,-207.4172107,39.47965477,计划发放日期,1.8
#FB4,账户发放计划id,185.2566325,22.40133976,账户发放计划id,1.8
#732,贷款期限,244.8175196,-280.3475049,贷款期限,1.8
#C87,贷款人名称,467.2324356,112.3147471,贷款人名称,1.8
#C83,贷款用途,303.7861407,423.1191586,贷款用途,1.8
#413,发放号,337.8198915,393.5855022,发放号,1.8
#B62,发放台账ID,-181.4584938,412.7416244,发放台账ID,1.8
#375,发放账号,33.17124548,449.9575157,发放账号,1.8
#187,复利执行利率,-316.9776033,386.1534284,复利执行利率,1.8
#15B,借款人编号,-230.4563013,-320.0697513,借款人编号,1.8
#7F3,累计发放比例,324.1813731,-357.2567013,累计发放比例,1.8
#A3F,累计发放金额,242.7333156,-267.3820308,累计发放金额,1.8
#1CD,利率类型,144.2299281,-236.2148669,利率类型,1.8
#299,未发放金额,-12.95627468,173.2397407,未发放金额,1.8
#8B3,下一利率变动日,-233.1190334,-249.060935,下一利率变动日,1.8
#9AA,逾期执行利率,-100.1442688,108.770104,逾期执行利率,1.8
#AEC,逾期资金成本,-60.47833655,-373.1136223,逾期资金成本,1.8
#F16,正常执行利率,-424.8591424,227.3896811,正常执行利率,1.8
#6E9,资金成本,-199.4796501,204.3058676,资金成本,1.8
#B77,次新信用评级,-457.1805569,113.3700926,次新信用评级,1.8
#73D,等级认定日期,335.341943,-232.8221235,等级认定日期,1.8
#D37,信贷系统编号,247.6191397,437.9005934,信贷系统编号,1.8
#11D,信用最终等级,-250.8185409,464.8110611,信用最终等级,1.8
#1CE,不良最早认定日期,-259.7406181,347.6315404,不良最早认定日期,1.8
#171,发放不久转不良天数,-67.70041566,-69.16581902,发放不久转不良天数,1.8
#436,贷款发放后不久转不良,-482.6910901,238.3561917,贷款发放后不久转不良,1.8
#5FF,备用国民经济行业,290.4239836,3.588114161,备用国民经济行业,1.8
#1CC,出库时间,-346.8719023,-56.76077588,出库时间,1.8
#41E,创建用户,-238.3643125,108.9068452,创建用户,1.8
#EA5,更新用户,-247.2863897,-5.406073672,更新用户,1.8
#85D,规划委审议文号,-262.2571645,-115.8811579,规划委审议文号,1.8
#29D,国民经济行业,407.5283163,78.41005901,国民经济行业,1.8
#3B1,建设地区,-87.99956333,-306.0369744,建设地区,1.8
#FD1,建设内容,-15.64002745,-303.1925362,建设内容,1.8
#54D,交叉项目标识,-243.5848854,-232.2940773,交叉项目标识,1.8
#871,绿色通道项目描述,99.05301603,-198.5326065,绿色通道项目描述,1.8
#427,入库时间,-101.04353,-442.3448338,入库时间,1.8
#D3C,删除标志,373.013755,-217.3664867,删除标志,1.8
#E2D,申请开行金额,137.0846789,-194.183526,申请开行金额,1.8
#E6D,审批额度,-446.5912175,280.1892679,审批额度,1.8
#32C,升级时间,-365.5308243,402.0987705,升级时间,1.8
#7C7,使用方式,15.9805294,-267.272084,使用方式,1.8
#37C,是否归属中小企业系统,-425.6697047,-198.8390817,是否归属中小企业系统,1.8
#1A1,是否规划委审议项目,279.36355,-329.6928101,是否规划委审议项目,1.8
#9D8,是否绿色通道项目,241.0156014,-54.4200735,是否绿色通道项目,1.8
#376,是否纳入评审计划,118.4183859,-141.901413,是否纳入评审计划,1.8
#AF1,是否三优项目,294.6922709,-305.0044304,是否三优项目,1.8
#3B2,是否审批通过,-219.1962032,454.5521413,是否审批通过,1.8
#E7C,是否限制类行业,-175.4016335,327.281654,是否限制类行业,1.8
#567,授信组别,-96.27671604,463.7964753,授信组别,1.8
#B95,所在大区,-352.8876219,297.2112539,所在大区,1.8
#514,项目成熟情况说明,142.0431109,-88.17734676,项目成熟情况说明,1.8
#F72,项目规模,-267.4866847,406.978314,项目规模,1.8
#1D2,项目级别,-227.2753859,275.4657842,项目级别,1.8
#C79,项目是否建议评级,498.5407506,83.69673387,项目是否建议评级,1.8
#877,项目预计评审时间,-464.5588819,237.8554956,项目预计评审时间,1.8
#E91,项目状态,-343.1515766,-73.3218817,项目状态,1.8
#EE1,业务品种,310.0683737,69.8148023,业务品种,1.8
#3F8,重点行业,298.9963489,-224.7785664,重点行业,1.8
#3CB,重点区域,206.5262435,255.9430334,重点区域,1.8
#CDC,总投资,-358.244424,290.4211286,总投资,1.8
#BC1,1年度提款计划变更，2跨年度提款计划,468.4049879,116.9725659,1年度提款计划变更，2跨年度提款计划,1.8
#137,A角客户经理编号,403.8873088,129.951155,A角客户经理编号,1.8
#4CE,B角客户经理编号,-492.8361078,-97.5493735,B角客户经理编号,1.8
#A47,报表标识,294.611975,-498.6235998,报表标识,1.8
#5F8,变更后资产质量分类,224.0147523,-320.4998456,变更后资产质量分类,1.8
#9E6,变更前资产质量分类,-43.61823134,478.4724972,变更前资产质量分类,1.8
#9FB,表外受托客户名称,-383.4616416,271.6537986,表外受托客户名称,1.8
#418,表外受托业务类型,485.470173,250.233151,表外受托业务类型,1.8
#A5A,创建来源标识,-287.7748791,439.0056064,创建来源标识,1.8
#82E,贷款投向行业,344.6622043,19.12720302,贷款投向行业,1.8
#F29,担保比例,190.9766836,-110.9088491,担保比例,1.8
#99B,担保类型,103.1189348,-146.4510962,担保类型,1.8
#644,等值币种,283.3926366,-323.7860707,等值币种,1.8
#794,等值币种业务类型,3.261097557,-359.9840717,等值币种业务类型,1.8
#43B,抵质押率补充手段,-389.6144686,319.966406,抵质押率补充手段,1.8
#A49,风险承担方式,-56.2930267,-377.5281178,风险承担方式,1.8
#B5E,还款主要来源,-328.3269426,245.0903088,还款主要来源,1.8
#426,合同报备,441.2627279,-119.7348266,合同报备,1.8
#F16,合同币种,108.4145569,-163.3716493,合同币种,1.8
#599,合同管理机构,190.0905524,-45.54759999,合同管理机构,1.8
#ACD,合同截止日期,-69.65925023,-391.6109956,合同截止日期,1.8
#FA9,合同金额,135.6540295,-483.0890745,合同金额,1.8
#669,合同是否与贷委会审议纪要要求相符,-257.8063078,456.074477,合同是否与贷委会审议纪要要求相符,1.8
#434,合同是否总行审批,48.28240947,-57.81399719,合同是否总行审批,1.8
#C94,合同谈判id,-300.1608212,-116.9023903,合同谈判id,1.8
#DAC,合同特征号,180.0454664,-115.3902084,合同特征号,1.8
#642,合同文本必备条款是否修改,147.6027561,-330.3643831,合同文本必备条款是否修改,1.8
#B53,合同性质,-90.30424793,176.6588302,合同性质,1.8
#145,合同种类,-179.5343898,235.8185721,合同种类,1.8
#CC9,合同状态,365.685773,94.61622099,合同状态,1.8
#313,合作方客户id,-287.3764302,-282.3919907,合作方客户id,1.8
#848,开行机构编号,138.2641329,-104.139401,开行机构编号,1.8
#6ED,联系电话,419.4814677,-341.9059783,联系电话,1.8
#A24,批复状态,183.3811188,415.9449753,批复状态,1.8
#25E,其他风险缓释措施,-394.3903162,329.5235675,其他风险缓释措施,1.8
#F76,是否次参与行,-341.995941,369.7348961,是否次参与行,1.8
#8BF,是否存在其他风险缓释措施,-418.2831682,258.3317632,是否存在其他风险缓释措施,1.8
#A61,是否为我行项目,489.5190213,151.0843044,是否为我行项目,1.8
#651,是否允许提前还款,-470.6707954,203.0775491,是否允许提前还款,1.8
#B92,系统合同编号,-481.3416749,-116.6996634,系统合同编号,1.8
#121,项目建设及贷款执行情况,-341.4734999,302.1755331,项目建设及贷款执行情况,1.8
#EBA,信用风险控制技术,-408.888597,302.8422252,信用风险控制技术,1.8
#9A8,银团产品,231.0181393,-72.3007017,银团产品,1.8
#328,银团合同签订类型,363.2762497,-458.6253581,银团合同签订类型,1.8
#338,原合同id,40.86232274,-282.9670753,原合同id,1.8
#9A6,原合同编号,-49.85898031,181.2715827,原合同编号,1.8
#44C,原合同执行id,-495.9811443,-459.6075592,原合同执行id,1.8
#3DA,债权人客户id,282.867133,-18.30174546,债权人客户id,1.8
#C6E,债权性质,391.8769051,98.59119276,债权性质,1.8
#6BD,真实合同状态,-185.3491634,491.8528546,真实合同状态,1.8
#276,主担保方式,151.425952,-197.758518,主担保方式,1.8
#CCA,资产贷款余额,-187.4709465,-458.9416289,资产贷款余额,1.8
#8DD,资产质量分类项目类型,21.68018283,-201.3737628,资产质量分类项目类型,1.8
#57B,总行部门审查意见采纳情况说明,-33.42304713,405.5793983,总行部门审查意见采纳情况说明,1.8
#F57,关联客户核心客户号,-256.3513408,446.0630367,关联客户核心客户号,1.8
#F2C,本次发放金额,-440.6815694,-468.089908,本次发放金额,1.8
#73B,表内还款金额,-239.9404947,481.1067871,表内还款金额,1.8
#F29,表外还款金额,-363.627741,303.6707607,表外还款金额,1.8
#671,放款日期,338.3244699,-19.45982043,放款日期,1.8
#6CC,回款计划id,119.4237468,-154.512407,回款计划id,1.8
#562,计划回收日期,230.4824145,-375.2629844,计划回收日期,1.8
#948,实际回收日期,70.34706583,325.8437218,实际回收日期,1.8
#8EF,未回收金额,-137.402744,-479.4207318,未回收金额,1.8
#DA1,已回收金额,-461.3479687,-294.7159986,已回收金额,1.8
#758,边缘类项目信息,479.9655453,-338.3528065,边缘类项目信息,1.8
#8B2,关联关系状态,39.0743877,46.06530058,关联关系状态,1.8
#FDA,合同来源,241.2487558,-49.17036961,合同来源,1.8
#892,合同与担保合同关联id,-141.0483151,-359.0857113,合同与担保合同关联id,1.8
#B91,是否全额保证,-24.25642882,267.3882811,是否全额保证,1.8
#1BA,外系统合同币种,-475.7963025,238.8011365,外系统合同币种,1.8
#8EA,外系统合同汇率,485.5834392,42.01553666,外系统合同汇率,1.8
#867,外系统合同金额,105.335264,-185.8005007,外系统合同金额,1.8
#E5D,开行行业编码,154.1463831,-300.0702205,开行行业编码,1.8
#B12,两高一资的开行行业,-104.6753708,-466.0429171,两高一资的开行行业,1.8
#C3A,客户贷款余额占比,-108.8963925,358.0554168,客户贷款余额占比,1.8
#BDC,客户号,-125.7016359,-472.7361433,客户号,1.8
#59D,关联客户类型说明,-120.70725,326.1783467,关联客户类型说明,1.8
#12E,关联客户全称,-239.276865,-95.5777094,关联客户全称,1.8
#9AD,垫款金额,401.0433696,-109.8896977,垫款金额,1.8
#1B9,垫款日期,120.6819431,-484.3468165,垫款日期,1.8
#2AD,垫款余额,247.3357003,451.5490177,垫款余额,1.8
#787,结清日期,-88.92446895,-370.0271348,结清日期,1.8
#E32,结清状态标识,-160.0663261,-166.5483087,结清状态标识,1.8
#357,企业ID（系统键）,386.9604919,183.2561048,企业ID（系统键）,1.8
#DE2,授信机构,197.4301029,-401.5499591,授信机构,1.8
#9E4,五级分类,-17.17072488,-378.5382563,五级分类,1.8
#F79,原业务类型,377.0660241,381.2327724,原业务类型,1.8
#CD4,被担保人名称,-203.8443374,444.821245,被担保人名称,1.8
#545,被担保人证件代码,-146.4333979,159.544321,被担保人证件代码,1.8
#CFB,被担保人证件类型,-444.9833843,-109.2218478,被担保人证件类型,1.8
#C23,担保金额,69.79415963,-263.6240078,担保金额,1.8
#2B2,担保形式,238.7302748,-459.9074104,担保形式,1.8
#646,关联主业务明细信息的ID如果主业务标识有值，则需要生成和主业务明细关联的ID,238.5792758,-101.0164248,关联主业务明细信息的ID如果主业务标识有值，则需要生成和主业务明细关联的ID,1.8
#C97,不良负债金额,373.6607888,365.0288586,不良负债金额,1.8
#468,负债日期,484.9030824,63.60920788,负债日期,1.8
#493,全部负债金额,479.5210769,-61.41026495,全部负债金额,1.8
#86A,关联关系类型,269.9368135,-23.34889885,关联关系类型,1.8
#B81,关联客户名称,310.0470753,381.6800404,关联客户名称,1.8
#323,关联客户属性,-179.0309466,-479.4831709,关联客户属性,1.8
#F6A,关联客户证件代码,-482.3251726,293.9042276,关联客户证件代码,1.8
#B77,关联客户证件类型,-252.4737504,5.17286818,关联客户证件类型,1.8
#E2E,客户属性,91.02429448,-224.4776079,客户属性,1.8
#2E5,处罚机构,416.633828,123.3481157,处罚机构,1.8
#58A,处罚金额,304.241761,-448.8614033,处罚金额,1.8
#FC7,处罚决定,-91.71487878,-78.274123,处罚决定,1.8
#7C8,处罚日期,-498.7915858,409.3015423,处罚日期,1.8
#5F2,处罚执行情况,-229.2520528,55.22616,处罚执行情况,1.8
#F57,行政处罚决定书文号,-203.8759304,40.15431834,行政处罚决定书文号,1.8
#F59,违法行为,-424.9698003,43.41531746,违法行为,1.8
#369,案号,135.4010777,-155.7347019,案号,1.8
#F75,案由,-23.00089908,472.6169284,案由,1.8
#2C7,结案方式,-10.69576504,-333.8085089,结案方式,1.8
#E2B,立案法院名称,-263.3222548,264.4438097,立案法院名称,1.8
#CD4,立案日期,-335.4106535,376.3201836,立案日期,1.8
#914,判决调解结果,-93.10383027,-119.6520255,判决调解结果,1.8
#378,判决调解生效日期,-355.2365304,372.2606092,判决调解生效日期,1.8
#32F,审判程序,-411.0564145,45.86229596,审判程序,1.8
#4B4,诉讼标的,392.9756918,177.8048974,诉讼标的,1.8
#7B5,诉讼标的金额,316.2718889,-183.8103586,诉讼标的金额,1.8
#57E,诉讼地位,190.5357619,494.7646784,诉讼地位,1.8
#6F5,欠息类型,45.85120674,205.258827,欠息类型,1.8
#142,欠息余额,-63.50301553,116.0286851,欠息余额,1.8
#734,余额改变日期,-479.0815236,55.23545063,余额改变日期,1.8
#536,垫款笔数,467.4630118,-337.2389702,垫款笔数,1.8
#EE9,欠息笔数,-195.4888161,-447.2087947,欠息笔数,1.8
#EA5,资产处置笔数,-244.8588275,-196.302181,资产处置笔数,1.8
#2FF,资产处置余额,-204.0288491,-485.8481691,资产处置余额,1.8
#B2E,最近一次处置日期,498.6399861,154.4720805,最近一次处置日期,1.8
#561,保证金比例,326.9371782,113.9163314,保证金比例,1.8
#2F4,报数机构说明,261.8008345,40.89683645,报数机构说明,1.8
#A9B,贷款形式,14.50640308,-308.8786357,贷款形式,1.8
#48E,担保标识,244.2567883,488.2870371,担保标识,1.8
#115,垫款标识,-408.6619258,288.0192481,垫款标识,1.8
#C1A,关联被担保明细信息的ID,-429.3659191,315.3308463,关联被担保明细信息的ID,1.8
#139,关联信贷业务垫款记录的ID,-371.7405227,334.9737501,关联信贷业务垫款记录的ID,1.8
#C93,关联信贷业务历史记录的ID,489.5804356,-64.25062188,关联信贷业务历史记录的ID,1.8
#1C2,关联信贷业务展期记录的ID,228.6087192,-10.21154388,关联信贷业务展期记录的ID,1.8
#66B,还款方式,372.734382,-181.0966755,还款方式,1.8
#264,结清（注销）日期,88.61845662,-141.6020159,结清（注销）日期,1.8
#454,历史记录标识,401.0559648,468.3890198,历史记录标识,1.8
#4C3,业务金额,-25.40113182,-181.0899126,业务金额,1.8
#D1F,业务余额,154.3271886,-185.5408367,业务余额,1.8
#5A8,展期标识,310.6359128,-275.0432884,展期标识,1.8
#CA4,种类,-351.5992758,373.031277,种类,1.8
#F39,处置机构,-201.8414463,493.4064192,处置机构,1.8
#B55,处置完成日期,498.9929501,194.9574848,处置完成日期,1.8
#D54,接收日期,-331.79861,393.5485969,接收日期,1.8
#8C1,余额,47.56279604,-269.3723849,余额,1.8
#FC3,原始金额,116.4401428,-146.7462431,原始金额,1.8
#CB9,备案标志,-345.5061915,307.4592713,备案标志,1.8
#D31,备案环节,-226.4633056,431.5187215,备案环节,1.8
#3CD,备用字段1,357.8293508,70.99349628,备用字段1,1.8
#EA5,备用字段2,-485.2463227,-91.39288181,备用字段2,1.8
#E51,变更阶段,34.99210019,438.5631608,变更阶段,1.8
#B9A,变更类型,-125.4587723,375.0745824,变更类型,1.8
#279,单品种免担保授信额度加权总和,-264.9123211,-236.4218722,单品种免担保授信额度加权总和,1.8
#E24,单品种授信额度加权总和,-68.47114165,382.7143503,单品种授信额度加权总和,1.8
#776,分行路演会议标志,-242.882748,-31.81842747,分行路演会议标志,1.8
#494,复评类型,-248.537093,-275.0852585,复评类型,1.8
#6A7,经办人,137.9599939,-117.3432407,经办人,1.8
#9E9,客户内部信用等级,187.3867153,-368.5942898,客户内部信用等级,1.8
#9C3,客户所处行业,-103.1790679,-68.95543039,客户所处行业,1.8
#CC2,客户信用评级日期,50.26305454,-390.4382462,客户信用评级日期,1.8
#81D,免担保授信控制边界Mf,-142.6669795,-471.0685826,免担保授信控制边界Mf,1.8
#B5A,评审计划id,481.4858074,71.65834011,评审计划id,1.8
#8C3,评审类型,-191.7436605,391.9790145,评审类型,1.8
#9DD,申请类型,439.131294,163.0451925,申请类型,1.8
#AA9,申请状态,-185.9815305,-322.5907619,申请状态,1.8
#31A,审查处信息,-21.34300995,-111.0999342,审查处信息,1.8
#DDB,审查局信息,193.0144196,-416.7153955,审查局信息,1.8
#BF8,审批机构,330.9046816,-475.947248,审批机构,1.8
#E42,审批人,-5.125600181,491.2088814,审批人,1.8
#16E,审批时间,-378.1062115,338.6411751,审批时间,1.8
#4FC,生效状态,386.8101872,-88.18929817,生效状态,1.8
#E25,是否修改报告标志,-447.6934644,259.0208232,是否修改报告标志,1.8
#286,授信基本信息id,-447.5721537,331.0795039,授信基本信息id,1.8
#246,授信状态,-314.6405883,156.6111312,授信状态,1.8
#F4C,未使用额度,-493.4088711,235.5215917,未使用额度,1.8
#EC5,原授信id,-395.6541118,61.26461356,原授信id,1.8
#518,综合偿债覆盖率,435.1663896,106.7647865,综合偿债覆盖率,1.8
#D7C,综合授信编号,69.52354814,-365.6590059,综合授信编号,1.8
#D35,综合授信控制边界M,-212.0412993,458.1238042,综合授信控制边界M,1.8
#485,总行路演会议标志,246.2928824,-368.0523369,总行路演会议标志,1.8
#258,总行审批标志,61.81917949,-220.7167947,总行审批标志,1.8
#4E1,合同规定应赔偿金额,-189.9186661,238.3340262,合同规定应赔偿金额,1.8
#7DB,合同规定应赔偿金额币别,415.8735262,139.0707706,合同规定应赔偿金额币别,1.8
#5A6,合同是否结清,428.6222428,205.5682822,合同是否结清,1.8
#122,合同是否约定收取罚金,499.6495371,268.7124253,合同是否约定收取罚金,1.8
#9A8,合同是否允许提前还款,11.14696597,-302.204959,合同是否允许提前还款,1.8
#CB8,扣款科目,-91.25520129,-315.0258011,扣款科目,1.8
#CE4,扣款余额,-230.6076981,487.5730117,扣款余额,1.8
#B78,扣款帐户,-385.426404,327.7377266,扣款帐户,1.8
#ECF,实际赔偿金额,478.087701,166.1690695,实际赔偿金额,1.8
#8C1,实际是否免除罚金,182.1898446,-131.8787346,实际是否免除罚金,1.8
#678,是否分行权限,232.6487439,-20.50454305,是否分行权限,1.8
#C82,是否符合合同规定,180.4121009,-458.4280618,是否符合合同规定,1.8
#1B8,是否减免赔偿金,-401.214885,273.966753,是否减免赔偿金,1.8
#BD8,是否同步回收操作,443.7951215,141.1929495,是否同步回收操作,1.8
#8BF,提前还款币别,85.14751921,-113.5403036,提前还款币别,1.8
#873,提前还款编号,394.3142328,-80.72843685,提前还款编号,1.8
#B85,提前还款后还款安排,329.4934128,-244.7193662,提前还款后还款安排,1.8
#629,提前还款日期,-62.8799561,-286.6505708,提前还款日期,1.8
#C33,提前还款顺序,-291.9148449,361.767287,提前还款顺序,1.8
#D6A,提前还款性质,120.238184,355.2674821,提前还款性质,1.8
#CFC,提前还款原因,466.5017489,190.4156623,提前还款原因,1.8
#54A,提前还款原因代码,-102.7123179,307.6240945,提前还款原因代码,1.8
#18A,新增贷款发放方案,-480.4371689,227.7104123,新增贷款发放方案,1.8
#6EA,原合同还款安排,-366.7841942,-378.2827113,原合同还款安排,1.8
#5E1,内外币未核销贷款,183.8258947,225.9326835,内外币未核销贷款,1.8
#B82,所在大洲,276.3526952,-371.0564418,所在大洲,1.8
#996,位置ID,-65.50879457,-363.0944171,位置ID,1.8
#DFF,本金,-190.8437614,67.11835113,本金,1.8
#2C1,财务年度规定,475.0460021,210.4263228,财务年度规定,1.8
#D63,多数贷款人份额比例,174.4471051,-168.2875071,多数贷款人份额比例,1.8
#526,合同经办律师事务所,430.642593,100.0910274,合同经办律师事务所,1.8
#943,价款,128.237026,-155.7322268,价款,1.8
#C2B,每次转让支付代理行转让费金额,365.7995946,138.4457388,每次转让支付代理行转让费金额,1.8
#2C2,其他说明,299.4444144,-482.3247382,其他说明,1.8
#357,是否外汇业务,204.9254133,169.7774126,是否外汇业务,1.8
#CFE,是否允许间接分贷,-116.1840557,-418.7862276,是否允许间接分贷,1.8
#152,是否允许转让承贷额,-124.4935782,280.8262848,是否允许转让承贷额,1.8
#915,是否允许转让余额,-33.80120153,200.1959484,是否允许转让余额,1.8
#E1F,委托资产管理名称,-320.3825984,172.9842295,委托资产管理名称,1.8
#5AD,协议必填标记,329.0242234,93.78720139,协议必填标记,1.8
#4F8,协议编号,-466.9237707,-443.3064119,协议编号,1.8
#2D9,协议类型,-98.44401566,-79.98669554,协议类型,1.8
#C74,协议签订时间,-148.5306813,-261.6215653,协议签订时间,1.8
#EDF,协议生效日期,92.65832763,275.05663,协议生效日期,1.8
#1CE,协议失效日期,-189.8530316,468.1289955,协议失效日期,1.8
#DA2,协议性质,-329.277273,-194.1779228,协议性质,1.8
#212,协议状态,154.8871561,-74.34433757,协议状态,1.8
#729,业务种类,498.0118392,272.8079161,业务种类,1.8
#F1B,约束事项,405.3704462,162.2502879,约束事项,1.8
#E83,执行ID,-182.4765249,273.7255314,执行ID,1.8
#594,总额度,-139.0838624,298.7575845,总额度,1.8
#284,贷款申请日,-290.1750911,86.16324493,贷款申请日,1.8
#8F8,贷款余额元,304.7238441,-476.3286692,贷款余额元,1.8
#53E,贷款子类型说明,-97.61165587,-60.37792736,贷款子类型说明,1.8
#628,股权或参股用途的贷款,-209.631138,-140.1481354,股权或参股用途的贷款,1.8
#5CC,合同期限,-466.4749789,486.0504847,合同期限,1.8
#C62,合同状态描述,269.9196528,-365.9251024,合同状态描述,1.8
#EEB,借款人信息,30.36489838,225.6629164,借款人信息,1.8
#9AC,累积已发放金额元,264.931253,-255.6615516,累积已发放金额元,1.8
#678,是否循环贷款,206.5602908,-489.2107926,是否循环贷款,1.8
#61A,次新信用等级,453.7825967,295.2272141,次新信用等级,1.8
#9A4,最新信用等级,399.123726,-103.108484,最新信用等级,1.8
#3AE,较新信用等级,-147.1860718,466.5780768,较新信用等级,1.8
#38A,较新信用等级值,-472.9687977,248.7951383,较新信用等级值,1.8
#343,较新有效日期,170.6623832,-392.4851339,较新有效日期,1.8
#B21,最新认定日期,-78.3068203,-244.2007495,最新认定日期,1.8
#D4D,本次分类理由,-315.9121923,-124.7420647,本次分类理由,1.8
#A4E,标志是否是重点项目,-327.5720358,241.0431082,标志是否是重点项目,1.8
#98D,标志项目是否新增,367.8724346,-317.1488808,标志项目是否新增,1.8
#764,不良贷款化解手段,146.9506143,-479.5776813,不良贷款化解手段,1.8
#764,初次计算,-401.610183,284.5935327,初次计算,1.8
#95E,次年底余额预测,230.4257551,-92.24264438,次年底余额预测,1.8
#F32,次年末预测结果,-8.412360009,-366.1966354,次年末预测结果,1.8
#6EC,贷款存在的主要缺陷和风险因素,-320.4498807,72.68692092,贷款存在的主要缺陷和风险因素,1.8
#977,贷款的担保分析,-89.76686051,361.3754472,贷款的担保分析,1.8
#523,贷款类别变动原因宏观调控原因,-81.59342636,247.001613,贷款类别变动原因宏观调控原因,1.8
#F67,贷款类别变动原因项目自身原因,-225.6901628,485.3240201,贷款类别变动原因项目自身原因,1.8
#A96,担保人及担保方式,415.346726,-185.3821384,担保人及担保方式,1.8
#239,当年底余额预测,120.9246152,-420.76658,当年底余额预测,1.8
#F67,地区处打分结果,-185.4075003,-402.900277,地区处打分结果,1.8
#99C,地区处分类,365.2303572,-223.3154458,地区处分类,1.8
#EBA,地区处分类时间,-340.5484781,-103.6847115,地区处分类时间,1.8
#861,地区处退回意见,277.1536891,-270.2707097,地区处退回意见,1.8
#3C1,二次调整外汇,197.6843364,-57.61889827,二次调整外汇,1.8
#1B7,分行分类类别值,100.7430629,104.294209,分行分类类别值,1.8
#A89,分行分类时间,132.2565967,-81.48091916,分行分类时间,1.8
#A72,分行分类调整,-108.7600264,335.2157842,分行分类调整,1.8
#348,分行建议分类结果,40.65451052,-186.2125785,分行建议分类结果,1.8
#FBC,分行建议原因,15.14842471,268.4951331,分行建议原因,1.8
#B79,分行上报结果,460.267367,-0.399109379,分行上报结果,1.8
#885,分类状态名称,298.697948,442.7126125,分类状态名称,1.8
#29A,风险防范方案1,-330.1269679,383.0371775,风险防范方案1,1.8
#276,风险防范方案2,-296.6378069,364.210822,风险防范方案2,1.8
#1D6,风险防范方案3,-311.3941545,-285.7703224,风险防范方案3,1.8
#614,风险信号灯,239.3162244,47.79489866,风险信号灯,1.8
#7F9,还款记录,290.4886857,-256.1758598,还款记录,1.8
#944,还款能力分析－财务因素,-255.4770428,395.3384872,还款能力分析－财务因素,1.8
#C9A,还款能力分析非财务因素,-262.8369911,-5.907026716,还款能力分析非财务因素,1.8
#FA5,还款意愿,419.3637243,-221.2252557,还款意愿,1.8
#781,后年底余额预测,-5.932388662,-261.2356233,后年底余额预测,1.8
#B78,后年末预测结果,-472.0497976,-305.6901372,后年末预测结果,1.8
#26D,今年末预测结果,-181.5839234,458.4818535,今年末预测结果,1.8
#34D,考核分数,-397.1744622,-24.86372658,考核分数,1.8
#A8C,考核分数录入时间,342.3158968,49.74682376,考核分数录入时间,1.8
#5ED,客户处长打分结果,-40.84131744,332.5015664,客户处长打分结果,1.8
#274,客户经理打分结果,205.2230672,-54.38007759,客户经理打分结果,1.8
#271,评审报告预期分类,-13.93607386,162.9010298,评审报告预期分类,1.8
#43E,认定时间,-177.7557454,-461.7249981,认定时间,1.8
#222,上一季度预测本季度的分类结果,-118.4671681,-426.0859043,上一季度预测本季度的分类结果,1.8
#D1C,是否被关注,44.29139911,-469.4072032,是否被关注,1.8
#AA9,是否贷后协同,93.56076935,271.8311813,是否贷后协同,1.8
#685,未来两个季度预测结果,430.1931276,-183.4354375,未来两个季度预测结果,1.8
#FEF,未来三个季度预测结果,-138.9383653,-373.4587181,未来三个季度预测结果,1.8
#3F6,未来四个季度预测结果,399.345173,-225.7498142,未来四个季度预测结果,1.8
#4B3,未来一个季度预测结果,90.96339995,-110.5910247,未来一个季度预测结果,1.8
#861,系统规则结果,214.205144,-61.56544855,系统规则结果,1.8
#AC3,项目的个性风险因素,-364.7265277,367.7871763,项目的个性风险因素,1.8
#358,项目基本情况,-436.5850241,-51.64689754,项目基本情况,1.8
#1F1,预案日常状态,-92.64341162,-262.6652163,预案日常状态,1.8
#885,预案项目的会签状态,-225.5460506,-495.1822943,预案项目的会签状态,1.8
#852,预测提交状态,255.3043698,72.38286435,预测提交状态,1.8
#4CA,预测提交状态名称,105.2021199,75.91615834,预测提交状态名称,1.8
#B19,质量处调整,64.4342145,-488.7234028,质量处调整,1.8
#9A4,质量处调整时间,36.56370918,299.2268921,质量处调整时间,1.8
#FB3,重大、特殊事项,-480.3348709,-69.72614866,重大、特殊事项,1.8
#CBB,重组贷款标识,-71.27833123,-307.9486467,重组贷款标识,1.8
#761,主要风险因素判断,-156.7531825,281.5325939,主要风险因素判断,1.8
#4D1,总行分类类别值,-47.42790155,-339.9969746,总行分类类别值,1.8
#A3D,总行建议结果,-109.7986954,-96.35792473,总行建议结果,1.8
#C99,总行建议原因,-145.3803173,-188.4114693,总行建议原因,1.8
#3B4,总行质量分类管理处长调整时间,369.841571,72.25594849,总行质量分类管理处长调整时间,1.8
#DD8,总行质量分类管理处长调整值,96.5031822,478.1735616,总行质量分类管理处长调整值,1.8
#BC9,总行质量分类管理员调整时间,-35.13818307,-359.9565451,总行质量分类管理员调整时间,1.8
#F7D,总行质量分类管理员调整值,381.2796036,32.81178777,总行质量分类管理员调整值,1.8
#3E9,最新分类时点,217.5177848,-80.06783768,最新分类时点,1.8
#977,最新进展,-249.3440618,-245.2197507,最新进展,1.8
#417,操作单编号,-303.1150354,419.3655697,操作单编号,1.8
#93E,操作单日期,-425.9845606,-390.3276296,操作单日期,1.8
#123,电汇凭证号,-487.5376483,-462.6304555,电汇凭证号,1.8
#864,对账成功标志,-315.964789,-114.9335673,对账成功标志,1.8
#9C1,发送网银反馈消息状态,-490.7486854,-183.3376582,发送网银反馈消息状态,1.8
#6D7,付款单位名称,466.8179277,164.2157557,付款单位名称,1.8
#7B6,付款单位帐号,207.4692555,328.9954648,付款单位帐号,1.8
#2E2,付款方式,-245.0595672,-200.8028308,付款方式,1.8
#7A2,核心处理状态,-375.8246266,341.6108836,核心处理状态,1.8
#A87,核心费用,-468.4945204,-242.0650277,核心费用,1.8
#8D6,核心支付时间,-164.7856531,-446.6049582,核心支付时间,1.8
#7D2,核心资金支付编号,-415.8068297,265.824681,核心资金支付编号,1.8
#9FC,汇出地址,382.2197632,157.7325092,汇出地址,1.8
#4A9,汇出行名称,148.6697603,-320.6397057,汇出行名称,1.8
#D21,汇入地址,289.2229965,-127.1831641,汇入地址,1.8
#923,汇入行行号,374.2824447,9.603967098,汇入行行号,1.8
#813,交易凭证日期,-269.3205717,437.9815198,交易凭证日期,1.8
#9D5,境外帐号行费用承担,-495.2875167,447.9639097,境外帐号行费用承担,1.8
#A74,境外账户行,-54.82717773,-477.9986901,境外账户行,1.8
#E6D,来源标示1资金支付（按科目）菜单,187.622343,-92.89248923,来源标示1资金支付（按科目）菜单,1.8
#311,凭证打印日期,185.9670678,-449.7033522,凭证打印日期,1.8
#BA3,其他支付方式,-460.8150117,15.00892777,其他支付方式,1.8
#2E1,企业申请日期,129.483173,-23.56890827,企业申请日期,1.8
#ED8,申请支付金额,143.5363475,2.008556088,申请支付金额,1.8
#196,是否付款到借款人账户,410.0796813,136.4158522,是否付款到借款人账户,1.8
#1A9,是否借款人贷转存账户,-82.92563595,-321.2591472,是否借款人贷转存账户,1.8
#194,收款人收益人开户行,15.37682029,256.4116317,收款人收益人开户行,1.8
#DFB,收款人收益人名称,-384.4639307,-190.3446275,收款人收益人名称,1.8
#BB8,收款人收益人帐号,250.5211682,-204.182979,收款人收益人帐号,1.8
#874,网银支付序号,142.2562148,484.3387885,网银支付序号,1.8
#A92,业务处理环节,-249.70137,151.4898406,业务处理环节,1.8
#B4A,账户余额,356.2620653,434.4736939,账户余额,1.8
#42B,支付编号,100.912448,144.0082156,支付编号,1.8
#A46,支付金额,-99.72871759,10.60337942,支付金额,1.8
#F36,支付科目,238.3392645,-99.37879819,支付科目,1.8
#FFF,支付类型,235.723556,359.399713,支付类型,1.8
#6DD,支付时间,-437.8059903,-204.5254946,支付时间,1.8
#75F,支付形式,-116.7686618,-343.4058634,支付形式,1.8
#692,中间行行号,-247.7219183,-489.8531276,中间行行号,1.8
#AB4,资金支付id,125.1580369,-415.8165042,资金支付id,1.8
